{"1": {
 "calculator": "vasp",
 "calculator_parameters": {"ismear": 1, "npar": 12, "istart": 0, "xc": "pw91", "ibrion": 2, "potim": 0.1, "kpts": [3, 3, 1], "encut": 400.0, "ediffg": -0.05, "gga": "91", "algo": "VeryFast", "gamma": false, "ispin": 1, "txt": "-", "nsw": 100, "pp": "pw91", "prec": "normal", "lorbit": 10, "reciprocal": false, "lreal": true, "nsim": 12, "sigma": 0.2},
 "cell": [[10.134120284290622, 0.0, 0.0], [-5.06706014214531, 8.776405611202858, 0.0], [0.0, 0.0, 21.20585592212521]],
 "constraints": [{"name": "FixAtoms", "kwargs": {"indices": [0, 1, 2, 3, 4, 5, 6, 7, 8, 9, 10, 11, 12, 13, 14, 15, 16, 17, 18, 19, 20, 21, 22, 23, 24, 25, 26, 27, 28, 29, 30, 31, 32, 33, 34, 35, 36, 37, 38, 39, 40, 41, 42, 43, 44, 45, 46, 47]}}],
 "ctime": 17.553039118445923,
 "data": {"CO-ontop": -0.6299770199999841},
 "dipole": [[0.0, 0.0, 0.0]],
 "energy": -239.30058601,
 "forces": [[-0.002739, -0.00473, -0.112084], [-0.002605, 0.001504, -0.104727], [-0.0, -0.003008, -0.104727], [-0.0, 0.0, -0.09239], [0.002727, 0.004737, -0.112084], [-0.002727, 0.004737, -0.112084], [0.0, 0.020699, -0.124947], [0.017926, -0.01035, -0.124947], [0.002739, -0.00473, -0.112084], [0.002605, 0.001504, -0.104727], [-0.017926, -0.01035, -0.124947], [-0.005466, -7e-06, -0.112084], [0.02994, 0.017286, -0.12228], [-0.02994, 0.017286, -0.12228], [-0.0, -0.034572, -0.12228], [0.005466, -7e-06, -0.112084], [-0.015124, -0.008732, -0.023544], [0.015124, -0.008732, -0.023544], [0.0, 0.017464, -0.023544], [0.0, 0.014314, 0.032084], [0.012396, -0.007157, 0.032084], [-0.007033, -0.004061, 0.01695], [-0.002398, -0.012145, 0.026719], [-0.011717, 0.003996, 0.026719], [-0.012396, -0.007157, 0.032084], [0.002398, -0.012145, 0.026719], [0.007033, -0.004061, 0.01695], [0.011717, 0.003996, 0.026719], [-0.009319, 0.00815, 0.026719], [0.009319, 0.00815, 0.026719], [0.0, 0.008121, 0.01695], [-0.0, 0.0, 0.019793], [-0.0, 0.0, 0.056473], [0.002001, -0.038939, 0.042981], [0.0, 0.128323, 0.197477], [0.111131, -0.064162, 0.197477], [-0.032721, 0.021202, 0.042981], [0.011273, 0.006509, 0.079572], [0.034722, 0.017737, 0.042981], [0.032721, 0.021202, 0.042981], [-0.011273, 0.006509, 0.079572], [-0.0, -0.013017, 0.079572], [-0.004539, -0.00262, 0.098579], [0.004539, -0.00262, 0.098579], [0.0, 0.005241, 0.098579], [-0.002001, -0.038939, 0.042981], [-0.034722, 0.017737, 0.042981], [-0.111131, -0.064162, 0.197477], [0.0, 0.011184, -0.000106], [0.009336, 0.00539, 5.1e-05], [-0.0, 0.000199, -0.000199], [0.000172, -9.9e-05, -0.000199], [-0.009685, -0.005592, -0.000106], [-0.000172, -9.9e-05, -0.000199], [-0.007806, 0.013347, 0.002731], [0.009685, -0.005592, -0.000106], [-0.015462, 8.7e-05, 0.002731], [-0.007656, -0.013434, 0.002731], [-0.0, 0.0, 0.042419], [-0.009336, 0.00539, 5.1e-05], [-0.0, -0.010781, 5.1e-05], [0.007806, 0.013347, 0.002731], [0.015462, 8.7e-05, 0.002731], [0.007656, -0.013434, 0.002731], [-0.0, 0.0, 0.046226], [-0.0, 0.0, 0.018674]],
 "key_value_pairs": {"lattice": "fcc", "system": "Cu_111"},
 "mtime": 17.553039118445923,
 "numbers": [29, 29, 29, 29, 29, 29, 29, 29, 29, 29, 29, 29, 29, 29, 29, 29, 29, 29, 29, 29, 29, 29, 29, 29, 29, 29, 29, 29, 29, 29, 29, 29, 29, 29, 29, 29, 29, 29, 29, 29, 29, 29, 29, 29, 29, 29, 29, 29, 29, 29, 29, 29, 29, 29, 29, 29, 29, 29, 29, 29, 29, 29, 29, 29, 6, 8],
 "pbc": [true, true, false],
 "positions": [[7.600590213217966, 0.0, 7.500000000000046], [2.533530071072656, 4.388202805601429, 7.500000000000046], [5.067060142145311, 0.0, 7.500000000000046], [0.0, 0.0, 7.500000000000046], [-1.2667650355363276, 2.1941014028007144, 7.500000000000046], [1.266765035536328, 2.1941014028007144, 7.500000000000046], [4.440892098500626e-16, 4.388202805601429, 7.500000000000046], [-1.2667650355363271, 6.582304208402143, 7.500000000000046], [2.5335300710726556, 0.0, 7.500000000000046], [-2.533530071072655, 4.388202805601429, 7.500000000000046], [1.2667650355363285, 6.582304208402143, 7.500000000000046], [3.8002951066089836, 6.582304208402143, 7.500000000000046], [3.8002951066089836, 2.1941014028007144, 7.500000000000046], [6.333825177681639, 2.1941014028007144, 7.500000000000046], [5.067060142145311, 4.388202805601429, 7.500000000000046], [-3.8002951066089827, 6.582304208402143, 7.500000000000046], [3.800295106609021, 8.045038476935932, 9.568618640708369], [-3.8002951066089468, 8.045038476935932, 9.568618640708369], [3.616706375487721e-14, 1.4627342685337887, 9.568618640708369], [5.0670601421453485, 5.850937074135218, 9.568618640708369], [7.600590213218004, 1.4627342685337887, 9.568618640708369], [6.333825177681676, 3.656835671334503, 9.568618640708369], [-1.2667650355362914, 3.656835671334503, 9.568618640708369], [-2.533530071072619, 5.850937074135218, 9.568618640708369], [2.533530071072692, 1.4627342685337887, 9.568618640708369], [1.2667650355363642, 3.656835671334503, 9.568618640708369], [3.80029510660902, 3.656835671334503, 9.568618640708369], [2.5335300710726925, 5.850937074135218, 9.568618640708369], [-1.266765035536291, 8.045038476935932, 9.568618640708369], [1.2667650355363647, 8.045038476935932, 9.568618640708369], [5.067060142145348, 1.4627342685337887, 9.568618640708369], [3.672217526718979e-14, 5.850937074135218, 9.568618640708369], [5.067060142145276, 2.92546853706764, 11.63723728141684], [6.333825177681605, 5.119569939868354, 11.63723728141684], [5.067060142145277, 7.3136713426690685, 11.63723728141684], [8.86735524875426, 0.7313671342669256, 11.63723728141684], [7.600590213217932, 2.92546853706764, 11.63723728141684], [2.5335300710726205, 7.3136713426690685, 11.63723728141684], [3.800295106608947, 0.7313671342669256, 11.63723728141684], [2.5335300710726196, 2.92546853706764, 11.63723728141684], [-2.5335300710726907, 7.3136713426690685, 11.63723728141684], [-3.561195224256463e-14, 2.92546853706764, 11.63723728141684], [-1.266765035536363, 5.119569939868354, 11.63723728141684], [1.2667650355362923, 5.119569939868354, 11.63723728141684], [-3.53899076376396e-14, 7.3136713426690685, 11.63723728141684], [3.800295106608948, 5.119569939868354, 11.63723728141684], [6.333825177681604, 0.7313671342669256, 11.63723728141684], [1.266765035536292, 0.7313671342669256, 11.63723728141684], [4.308616589902661e-16, 4.39398185657271, 13.734778147897822], [3.80391848925043, 2.19619336374413, 13.733741014290104], [5.067060142145311, -0.000354241273795597, 13.739024257061232], [2.5332232891304796, 4.388379926238327, 13.739024257061232], [1.2617602305854327, 6.579414682916502, 13.734778147897822], [-2.5332232891304796, 4.388379926238327, 13.739024257061232], [-3.7848842765488397, 6.559413007138213, 13.712820294854367], [-1.2617602305854319, 6.579414682916502, 13.734778147897822], [2.561059847920427, -0.0019005696935232152, 13.712820294854367], [1.2788839823239588, 2.2188931737581647, 13.712820294854367], [0.0, 0.0, 13.790742717430977], [6.330201795040194, 2.19619336374413, 13.733741014290104], [5.067060142145314, 4.384018883714595, 13.733741014290104], [3.7848842765488446, 6.559413007138213, 13.712820294854367], [7.573060436370192, -0.0019005696935232152, 13.712820294854367], [-1.2788839823239604, 2.2188931737581647, 13.712820294854367], [0.0, 0.0, 15.647800472669767], [0.0, 0.0, 16.802673957140918]],
 "tags": [1, 1, 1, 1, 1, 1, 1, 1, 1, 1, 1, 1, 1, 1, 1, 1, 1, 1, 1, 1, 1, 1, 1, 1, 1, 1, 1, 1, 1, 1, 1, 1, 1, 1, 1, 1, 1, 1, 1, 1, 1, 1, 1, 1, 1, 1, 1, 1, 0, 0, 0, 0, 0, 0, 0, 0, 0, 0, 0, 0, 0, 0, 0, 0, 0, 0],
 "unique_id": "e9c9b8b43a615ba5a8c523b7bc411045",
 "user": "a_ishi"},
"ids": [1],
"nextid": 2}
