{"1": {
 "calculator": "vasp",
 "calculator_parameters": {"ismear": 1, "npar": 12, "istart": 0, "xc": "pw91", "ibrion": 2, "potim": 0.1, "kpts": [3, 3, 1], "encut": 350.0, "ediffg": -0.05, "gga": "91", "algo": "VeryFast", "gamma": false, "ispin": 1, "txt": "-", "nsw": 0, "pp": "pw91", "prec": "low", "lorbit": 10, "reciprocal": false, "lreal": true, "nsim": 12, "sigma": 0.2},
 "cell": [[10.99484548379615, 0.0, 0.0], [-5.497422741898075, 9.521815499652073, 0.0], [0.0, -0.0, 21.732940309011155]],
 "constraints": [{"name": "FixAtoms", "kwargs": {"indices": [0, 1, 2, 3, 4, 5, 6, 7, 8, 9, 10, 11, 12, 13, 14, 15, 16, 17, 18, 19, 20, 21, 22, 23, 24, 25, 26, 27, 28, 29, 30, 31, 32, 33, 34, 35, 36, 37, 38, 39, 40, 41, 42, 43, 44, 45, 46, 47]}}],
 "ctime": 17.551186025770026,
 "data": {"CO ads": -1.3627084400000058},
 "dipole": [[0.0, 0.0, 0.0]],
 "energy": -331.03889254,
 "forces": [[0.0, 0.0, -0.460393], [0.004864, 0.004277, -0.436153], [-0.004864, 0.004277, -0.436153], [0.001272, -0.006351, -0.436153], [-0.001272, -0.006351, -0.436153], [0.0, 0.000593, -0.428524], [0.030569, 0.017649, -0.468227], [-0.030569, 0.017649, -0.468227], [0.0, -0.012883, -0.440684], [0.006136, 0.002073, -0.436153], [-0.011157, 0.006442, -0.440684], [-0.000513, -0.000296, -0.428524], [0.011157, 0.006442, -0.440684], [-0.006136, 0.002073, -0.436153], [0.000513, -0.000296, -0.428524], [-0.0, -0.035298, -0.468227], [-0.015346, -0.00886, 0.138663], [0.015346, -0.00886, 0.138663], [0.0, 0.01772, 0.138663], [-0.0, -0.058416, -0.016741], [-0.05059, 0.029208, -0.016741], [-0.017444, -0.010071, 0.084197], [0.003076, -0.009476, 0.097315], [-0.006669, 0.007402, 0.097315], [0.05059, 0.029208, -0.016741], [-0.003076, -0.009476, 0.097315], [0.017444, -0.010071, 0.084197], [0.006669, 0.007402, 0.097315], [-0.009744, 0.002075, 0.097315], [0.009744, 0.002075, 0.097315], [0.0, 0.020142, 0.084197], [0.0, 0.0, 0.102266], [0.0, 0.0, -0.09796], [0.001764, 0.039307, -0.08712], [-0.001764, 0.039307, -0.08712], [-0.0, 0.036345, -0.075328], [0.034923, -0.018126, -0.08712], [0.031476, -0.018172, -0.075328], [0.033159, -0.021182, -0.08712], [-0.025103, -0.014493, -0.120783], [-0.031476, -0.018172, -0.075328], [-0.034923, -0.018126, -0.08712], [-0.033159, -0.021182, -0.08712], [0.025103, -0.014493, -0.120783], [-0.0, 0.028987, -0.120783], [0.012644, 0.0073, -0.111286], [-0.012644, 0.0073, -0.111286], [-0.0, -0.0146, -0.111286], [-0.008158, -0.00471, 0.43304], [0.008158, -0.00471, 0.43304], [0.0, 0.00942, 0.43304], [0.0, -0.003907, 0.425859], [-0.003383, 0.001953, 0.425859], [0.012851, 0.007419, 0.424783], [-0.1014, -0.243812, 0.422074], [-0.261847, 0.034091, 0.422074], [0.003383, 0.001953, 0.425859], [0.1014, -0.243812, 0.422074], [-0.012851, 0.007419, 0.424783], [0.261847, 0.034091, 0.422074], [-0.160447, 0.209721, 0.422074], [0.160447, 0.209721, 0.422074], [-0.0, -0.014838, 0.424783], [-0.0, 0.0, -0.667229], [-0.0, 0.0, 5.040426], [0.0, 0.0, -3.428712]],
 "key_value_pairs": {"lattice": "fcc", "system": "Pd111"},
 "mtime": 17.551186025770026,
 "numbers": [46, 46, 46, 46, 46, 46, 46, 46, 46, 46, 46, 46, 46, 46, 46, 46, 46, 46, 46, 46, 46, 46, 46, 46, 46, 46, 46, 46, 46, 46, 46, 46, 46, 46, 46, 46, 46, 46, 46, 46, 46, 46, 46, 46, 46, 46, 46, 46, 46, 46, 46, 46, 46, 46, 46, 46, 46, 46, 46, 46, 46, 46, 46, 46, 6, 8],
 "pbc": [true, true, false],
 "positions": [[0.0, 0.0, 7.5], [-1.3743556854745187, 2.380453874913018, 7.5], [1.3743556854745191, 2.380453874913018, 7.5], [2.748711370949038, 1.0626171363824628e-17, 7.5], [8.246134112847113, 0.0, 7.5], [5.497422741898076, 2.1252342727649256e-17, 7.5], [4.123067056423556, 2.380453874913018, 7.5], [6.871778427372594, 2.380453874913018, 7.5], [0.0, 4.760907749826036, 7.500000000000001], [-4.123067056423556, 7.141361624739056, 7.500000000000001], [-1.3743556854745194, 7.141361624739056, 7.500000000000001], [-2.7487113709490374, 4.760907749826036, 7.500000000000001], [1.374355685474519, 7.141361624739056, 7.500000000000001], [4.123067056423556, 7.141361624739056, 7.500000000000001], [2.7487113709490383, 4.760907749826036, 7.500000000000001], [5.497422741898076, 4.760907749826036, 7.500000000000001], [4.123067056423556, 8.728330874681067, 9.744313436337052], [-4.123067056423557, 8.728330874681067, 9.744313436337052], [-7.262947397029995e-16, 1.586969249942012, 9.744313436337052], [5.497422741898076, 6.347876999768049, 9.744313436337052], [8.246134112847113, 1.5869692499420123, 9.744313436337052], [6.871778427372594, 3.967423124855031, 9.744313436337052], [-1.3743556854745196, 3.9674231248550305, 9.744313436337052], [-2.7487113709490387, 6.347876999768049, 9.744313436337052], [2.7487113709490374, 1.5869692499420123, 9.744313436337052], [1.3743556854745187, 3.9674231248550305, 9.744313436337052], [4.123067056423555, 3.9674231248550305, 9.744313436337052], [2.748711370949037, 6.347876999768048, 9.744313436337052], [-1.3743556854745191, 8.728330874681067, 9.744313436337052], [1.3743556854745178, 8.728330874681067, 9.744313436337052], [5.497422741898075, 1.586969249942012, 9.744313436337052], [-4.068910202768801e-16, 6.347876999768049, 9.744313436337052], [5.497422741898075, 3.1739384998840245, 11.988626872674104], [4.123067056423556, 5.554392374797043, 11.988626872674104], [6.871778427372593, 5.554392374797043, 11.988626872674104], [5.497422741898072, 7.934846249710061, 11.988626872674104], [6.871778427372593, 0.7934846249710075, 11.988626872674104], [9.620489798321628, 0.7934846249710054, 11.988626872674104], [8.24613411284711, 3.1739384998840245, 11.988626872674104], [2.7487113709490374, 7.934846249710061, 11.988626872674104], [1.3743556854745176, 0.7934846249710054, 11.988626872674104], [4.123067056423555, 0.7934846249710075, 11.988626872674104], [2.7487113709490374, 3.173938499884025, 11.988626872674104], [-2.748711370949039, 7.934846249710061, 11.988626872674104], [-1.452589479405999e-15, 3.173938499884024, 11.988626872674104], [-1.3743556854745205, 5.554392374797043, 11.988626872674104], [1.374355685474519, 5.554392374797043, 11.988626872674104], [-3.6969283070369763e-16, 7.934846249710062, 11.988626872674104], [4.1230670564235545, 2.3804538749130204, 14.232940309011155], [6.871778427372594, 2.3804538749130204, 14.232940309011155], [5.4974227418980774, 4.760907749826036, 14.232940309011155], [5.497422741898075, 0.0, 14.232940309011155], [2.748711370949037, 4.760907749826037, 14.232940309011155], [1.374355685474518, 7.141361624739056, 14.232940309011155], [4.123067056423558, 7.141361624739056, 14.232940309011155], [8.246134112847109, 0.0, 14.232940309011155], [8.24613411284711, 4.760907749826036, 14.232940309011155], [6.8717784273725915, 7.141361624739055, 14.232940309011155], [-1.3743556854745194, 7.141361624739056, 14.232940309011155], [2.7487113709490374, 0.0, 14.232940309011155], [-1.3743556854745198, 2.3804538749130204, 14.232940309011155], [1.3743556854745176, 2.3804538749130204, 14.232940309011155], [-6.103365304153202e-16, 4.760907749826037, 14.232940309011155], [10.994845483796148, 0.0, 14.232940309011155], [0.0, 0.0, 16.032940309011156], [0.0, 0.0, 17.232940309011155]],
 "tags": [1, 1, 1, 1, 1, 1, 1, 1, 1, 1, 1, 1, 1, 1, 1, 1, 1, 1, 1, 1, 1, 1, 1, 1, 1, 1, 1, 1, 1, 1, 1, 1, 1, 1, 1, 1, 1, 1, 1, 1, 1, 1, 1, 1, 1, 1, 1, 1, 0, 0, 0, 0, 0, 0, 0, 0, 0, 0, 0, 0, 0, 0, 0, 0, 0, 0],
 "unique_id": "c7ceed882ff590ef1b8d3150ce6e51ad",
 "user": "a_ishi"},
"ids": [1],
"nextid": 2}
