{"1": {
 "calculator": "vasp",
 "calculator_parameters": {},
 "cell": [[11.53276653372064, 0.0, 0.0], [5.7663832775465425, 9.994433786905029, 0.0], [0.0, 0.0, 27.064393523190873]],
 "constraints": [{"name": "FixAtoms", "kwargs": {"indices": [0, 1, 2, 3, 4, 5, 6, 7, 8, 9, 10, 11, 12, 13, 14, 15, 16, 17, 18, 19, 20, 21, 22, 23, 24, 25, 26, 27, 28, 29, 30, 31]}}],
 "ctime": 18.80998367163805,
 "data": {"p-dos position": [4.148455248630826, -5.607536164071204], "p-dos width": [0.9951920128605387, 2.2568283842858183], "s-dos width": [0, 0], "d-dos position": [-5.362224406355951, -3.677693999885926], "s-dos height": [0, 0], "s-dos position": [0, 0], "p-dos height": [68.58629764144948, 49.71209032407026], "CO-atop": 0.06416482999998152, "d-dos height": [1804.3909258291944, 1095.1593655827587], "d-dos width": [1.928294227018167, 0.6880435338660542]},
 "dipole": [[0.0, 0.0, 0.0]],
 "energy": -202.35373067,
 "forces": [[-0.011408, -0.031475, -0.710438], [-0.012576, 0.01036, -0.793904], [3.4e-05, -0.064504, -0.772733], [0.01261, 0.010317, -0.793876], [-0.063839, 0.033, -0.707999], [-5.4e-05, 0.038259, -0.787446], [-0.008155, 0.015032, -0.71826], [0.011345, -0.031471, -0.710361], [1.7e-05, 0.018764, -0.721423], [-0.001858, -0.026401, -0.755437], [0.074967, 0.033481, -0.703157], [-2.3e-05, -0.03721, -0.709946], [0.008067, 0.014977, -0.71825], [-0.075036, 0.033482, -0.703136], [0.001845, -0.026391, -0.755404], [0.063847, 0.033041, -0.708071], [-0.099317, -0.087105, 0.638429], [4.3e-05, -0.068334, 0.642192], [-0.079114, 0.00179, 0.77034], [0.036607, 0.012552, 0.712047], [-0.000104, 0.109772, 0.717386], [0.00929, 0.029576, 0.771977], [-0.036631, 0.012383, 0.71173], [0.078931, 0.002047, 0.770162], [-0.000229, 0.028426, 0.569894], [-0.00912, 0.029483, 0.771837], [0.065684, 0.030817, 0.764518], [-0.00022, -0.036438, 0.789134], [-0.065712, 0.030864, 0.764417], [0.099215, -0.087258, 0.638548], [0.143029, -0.028732, 0.763937], [-0.143103, -0.028698, 0.763916], [0.010366, 0.00478, 0.028959], [0.003839, -0.003197, 0.001094], [-0.000178, 0.000959, 0.001336], [-0.00354, -0.002948, 0.002042], [0.004827, -0.000789, -0.031696], [-0.014528, -0.000302, 0.017262], [-0.00017, -0.01265, 0.032488], [0.01043, -0.010799, 0.021465], [2e-06, 0.005033, -0.032732], [-0.010621, -0.011441, 0.021166], [-0.010288, 0.004866, 0.02877], [0.000271, 0.002805, 0.014436], [-0.00405, 0.009181, 0.021486], [0.003854, 0.010409, 0.021161], [0.014501, -0.001476, 0.017046], [-0.004811, -0.0011, -0.031999], [-0.017606, -0.008206, 0.013268], [-0.018973, -0.007736, 0.008867], [-0.005292, -0.003456, -0.007063], [-8e-06, 0.000684, 0.025446], [0.002227, -0.000987, -0.008042], [-0.001221, 0.020429, 0.004967], [-0.00014, 0.013241, -0.005216], [0.000999, 0.020329, 0.005066], [0.000103, -0.000477, -0.00312], [0.005006, -0.003074, -0.006703], [0.018332, -0.008431, 0.008508], [0.017912, -0.007817, 0.013428], [-0.010138, 0.003774, -0.013398], [-0.000261, -0.00581, -0.008352], [0.010166, 0.004279, -0.013941], [-0.002538, -0.000711, -0.008668], [-0.0007, -0.000727, 0.034542], [0.003199, 0.016956, 0.037502]],
 "key_value_pairs": {"lattice": "fcc", "system": "Ag0.1Au0.9_111"},
 "mtime": 18.80998367163805,
 "numbers": [79, 79, 79, 79, 79, 79, 79, 79, 47, 79, 79, 47, 79, 79, 79, 79, 79, 47, 79, 79, 79, 79, 79, 79, 47, 79, 79, 79, 79, 79, 79, 79, 79, 79, 79, 79, 79, 79, 79, 79, 47, 79, 79, 47, 79, 79, 79, 79, 79, 79, 79, 47, 79, 79, 79, 79, 47, 79, 79, 79, 79, 79, 79, 79, 6, 8],
 "pbc": [true, true, false],
 "positions": [[0.0, 0.0, 0.0], [1.4415958193866356, 2.4986084467262573, 0.0], [2.88319163343016, 0.0, 0.0], [4.324787452816795, 2.4986084467262573, 0.0], [4.324787458159907, 7.495825340178772, 0.0], [2.8831916387732712, 4.9972168934525145, 0.0], [7.207979086246955, 2.4986084467262573, 0.0], [5.76638326686032, 0.0, 0.0], [8.64957490563359, 4.9972168934525145, 0.0], [5.766383272203431, 4.9972168934525145, 0.0], [7.207979091590067, 7.495825340178772, 0.0], [8.64957490029048, 0.0, 0.0], [10.091170719677116, 2.4986084467262573, 0.0], [10.091170725020227, 7.495825340178772, 0.0], [11.53276653906375, 4.9972168934525145, 0.0], [12.974362358450387, 7.495825340178772, 0.0], [10.091170717834014, 0.8354467673177087, 2.3547978410636614], [8.649574909133602, 8.331272107496481, 2.3547978410636614], [4.324787450973695, 0.8354467673177087, 2.3547978410636614], [11.532766542563763, 8.331272107496481, 2.3547978410636614], [8.64957490379049, 3.3340552140439663, 2.3547978410636614], [5.766383270360331, 3.3340552140439663, 2.3547978410636614], [5.766383275703443, 8.331272107496481, 2.3547978410636614], [1.4415958175435353, 0.8354467673177087, 2.3547978410636614], [14.415958175993921, 8.331272107496481, 2.3547978410636614], [11.53276653722065, 3.3340552140439663, 2.3547978410636614], [12.974362356607287, 5.832663660770224, 2.3547978410636614], [2.8831916369301713, 3.3340552140439663, 2.3547978410636614], [4.324787456316807, 5.832663660770224, 2.3547978410636614], [7.207979084403855, 0.8354467673177087, 2.3547978410636614], [7.207979089746967, 5.832663660770224, 2.3547978410636614], [10.091170723177127, 5.832663660770224, 2.3547978410636614], [11.528196493116694, 6.669379920053541, 4.84494734989571], [12.976157884630336, 9.166248107260252, 4.880302046118579], [14.415827360945613, 6.663505177290508, 4.908794998331592], [15.855515511109767, 9.166217875430622, 4.879981470110579], [10.075801148042066, 4.173640799082017, 4.926347202107517], [12.983995446211404, 4.163527711093355, 4.875951815260061], [8.649530723716374, 1.6644212092119128, 4.8632504892654], [7.21402912430534, 9.169207517075254, 4.848644796848342], [8.649492893741956, 6.653759480786323, 4.975627849499185], [10.084919006099064, 9.169234554135969, 4.848842078562782], [5.7707227346626535, 6.669394956546682, 4.844855729260563], [2.8830344861796817, 1.6666989061173971, 4.915175815030632], [11.541053328678032, 1.6699937714436561, 4.854988935249127], [5.757837118212764, 1.6698478599683817, 4.854940128240905], [4.31483057693616, 4.163595251191213, 4.875797285872437], [7.22311549415859, 4.173683858074525, 4.926370960007863], [10.100793727053857, 7.51543493173222, 7.44522439732738], [11.543199026407681, 5.011998129913095, 7.404612425111631], [12.976910396479342, 7.509360279731694, 7.4889847180425635], [8.649407477237707, 5.0057953786663205, 7.747421184605166], [5.764602503796776, 0.008484748244065083, 7.491761892081338], [7.203640708049882, 2.4854378534404256, 7.42737867805121], [8.649483072931838, -0.0008287123290405281, 7.522297173032505], [10.095077593501228, 2.4856160898144566, 7.4278526773643625], [14.415638825222562, 5.002041413543633, 7.542997320657179], [4.321829912314679, 7.509371237691393, 7.488982140871899], [5.75526025930486, 5.01209944805856, 7.403883911008203], [7.197765314595054, 7.515507666562591, 7.4447166294027936], [1.4437259554806081, 2.500140940075036, 7.484989249360038], [2.8830319253724133, 0.00707986275995321, 7.480153353991346], [4.3222610946491935, 2.5000730526756536, 7.485184821313382], [0.0014370872243621882, 0.00858175295128348, 7.492059890428361], [8.64849640857378, 4.95196381244239, 10.198362097278851], [8.661874118937009, 5.073947946753178, 11.339210004111901]],
 "tags": [1, 1, 1, 1, 1, 1, 1, 1, 1, 1, 1, 1, 1, 1, 1, 1, 1, 1, 1, 1, 1, 1, 1, 1, 1, 1, 1, 1, 1, 1, 1, 1, 0, 0, 0, 0, 0, 0, 0, 0, 0, 0, 0, 0, 0, 0, 0, 0, 0, 0, 0, 0, 0, 0, 0, 0, 0, 0, 0, 0, 0, 0, 0, 0, 0, 0],
 "unique_id": "c5683942cf85b88a514bf3a6f8959aba",
 "user": "ishi"},
"2": {
 "calculator": "vasp",
 "calculator_parameters": {},
 "cell": [[11.53276653372064, 0.0, 0.0], [5.7663832775465425, 9.994433786905029, 0.0], [0.0, 0.0, 27.064393523190873]],
 "constraints": [{"name": "FixAtoms", "kwargs": {"indices": [0, 1, 2, 3, 4, 5, 6, 7, 8, 9, 10, 11, 12, 13, 14, 15, 16, 17, 18, 19, 20, 21, 22, 23, 24, 25, 26, 27, 28, 29, 30, 31]}}],
 "ctime": 18.80998560354716,
 "data": {"d-dos position": [-5.362224406355951, -3.677693999885926], "d-dos height": [1804.3909258291944, 1095.1593655827587],